<?xml version="1.0" encoding="ISO-8859-1"?>
<Invoice xmlns="urn:oasis:names:specification:ubl:schema:xsd:Invoice-2" xmlns:cac="urn:oasis:names:specification:ubl:schema:xsd:CommonAggregateComponents-2" xmlns:cbc="urn:oasis:names:specification:ubl:schema:xsd:CommonBasicComponents-2" xmlns:ccts="urn:un:unece:uncefact:documentation:2" xmlns:ds="http://www.w3.org/2000/09/xmldsig#" xmlns:ext="urn:oasis:names:specification:ubl:schema:xsd:CommonExtensionComponents-2" xmlns:qdt="urn:oasis:names:specification:ubl:schema:xsd:QualifiedDatatypes-2" xmlns:sac="urn:sunat:names:specification:ubl:peru:schema:xsd:SunatAggregateComponents-1" xmlns:udt="urn:un:unece:uncefact:data:specification:UnqualifiedDataTypesSchemaModule:2" xmlns:xsi="http://www.w3.org/2001/XMLSchema-instance">
 <ext:UBLExtensions>
  <ext:UBLExtension>
   <ext:ExtensionContent xmlns:ext="urn:oasis:names:specification:ubl:schema:xsd:CommonExtensionComponents-2"/>
  </ext:UBLExtension>
 </ext:UBLExtensions>
 <cbc:UBLVersionID>2.1</cbc:UBLVersionID>
 <cbc:CustomizationID>2.0</cbc:CustomizationID>
 <cbc:ProfileID schemeName="SUNAT:Identificador de Tipo de Operaci�n" schemeAgencyName="PE:SUNAT" schemeURI="urn:pe:gob:sunat:cpe:see:gem:catalogos:catalogo17">F100-10</cbc:ProfileID>
 <cbc:ID>2.1</cbc:ID>
 <cbc:IssueDate>2.1</cbc:IssueDate>
 <cbc:InvoiceTypeCode>2.1</cbc:InvoiceTypeCode>
 <cbc:DocumentCurrencyCode>2.1</cbc:DocumentCurrencyCode>
 <cac:DespatchDocumentReference>
  <cbc:ID>04</cbc:ID>
  <cbc:DocumentTypeCode>04</cbc:DocumentTypeCode>
 </cac:DespatchDocumentReference>
 <cac:Signature>
  <cbc:ID>04</cbc:ID>
  <cac:SignatoryParty>
   <cac:PartyIdentification>
    <cbc:ID>04</cbc:ID>
   </cac:PartyIdentification>
   <cac:PartyName>
    <cbc:Name>04</cbc:Name>
   </cac:PartyName>
  </cac:SignatoryParty>
  <cac:DigitalSignatureAttachment>
   <cac:ExternalReference>
    <cbc:URI>04</cbc:URI>
   </cac:ExternalReference>
  </cac:DigitalSignatureAttachment>
 </cac:Signature>
 <cac:AccountingSupplierParty>
  <cbc:CustomerAssignedAccountID>04</cbc:CustomerAssignedAccountID>
  <cbc:AdditionalAccountID>04</cbc:AdditionalAccountID>
  <cac:Party>
   <cac:PartyName>
    <cbc:Name><![CDATA[]]></cbc:Name>
   </cac:PartyName>
   <cac:PostalAddress>
    <cbc:ID>04</cbc:ID>
    <cbc:StreetName>04</cbc:StreetName>
    <cbc:CitySubdivisionName>04</cbc:CitySubdivisionName>
    <cbc:CityName>04</cbc:CityName>
    <cbc:CountrySubentity>04</cbc:CountrySubentity>
    <cbc:District>04</cbc:District>
    <cac:Country>
     <cbc:IdentificationCode>04</cbc:IdentificationCode>
    </cac:Country>
   </cac:PostalAddress>
   <cac:PartyLegalEntity>
    <cac:RegistrationName><![CDATA[]]></cac:RegistrationName>
   </cac:PartyLegalEntity>
  </cac:Party>
 </cac:AccountingSupplierParty>
 <cac:AccountingCustomerParty>
  <cbc:CustomerAssignedAccountID>04</cbc:CustomerAssignedAccountID>
  <cbc:AdditionalAccountID>04</cbc:AdditionalAccountID>
  <cac:Party>
   <cac:PartyLegalEntity>
    <cac:RegistrationName><![CDATA[]]></cac:RegistrationName>
   </cac:PartyLegalEntity>
  </cac:Party>
 </cac:AccountingCustomerParty>
 <cac:PrepaidPayment>
  <cbc:ID schemeID="02">F100-10</cbc:ID>
  <cbc:PaidAmount currencyID="PEN">200.00</cbc:PaidAmount>
  <cbc:InstructionID schemeID="6">20549202960</cbc:InstructionID>
 </cac:PrepaidPayment>
 <cac:TaxTotal>
  <cbc:TaxAmount currencyID="PEN">15.25</cbc:TaxAmount>
  <cac:TaxSubtotal>
   <cbc:TaxAmount currencyID="PEN">15.25</cbc:TaxAmount>
   <cac:TaxCategory>
    <cac:TaxScheme>
     <cbc:ID>04</cbc:ID>
     <cbc:Name>04</cbc:Name>
     <cbc:TaxTypeCode>04</cbc:TaxTypeCode>
    </cac:TaxScheme>
   </cac:TaxCategory>
  </cac:TaxSubtotal>
 </cac:TaxTotal>
 <cac:LegalMonetaryTotal>
  <cbc:AllowanceTotalAmount currencyID="PEN">15.25</cbc:AllowanceTotalAmount>
  <cbc:PrepaidAmount currencyID="PEN">15.25</cbc:PrepaidAmount>
  <cbc:PayableAmount currencyID="PEN">15.25</cbc:PayableAmount>
 </cac:LegalMonetaryTotal>
 <cac:InvoiceLine>
  <cbc:ID>04</cbc:ID>
  <cbc:InvoicedQuantity unitCode="NIU">2.00</cbc:InvoicedQuantity>
  <cbc:LineExtensionAmount currencyID="PEN">2.00</cbc:LineExtensionAmount>
  <cac:PricingReference>
   <cac:AlternativeConditionPrice>
    <cbc:PriceAmount currencyID="PEN">2.00</cbc:PriceAmount>
    <cbc:PriceTypeCode>04</cbc:PriceTypeCode>
   </cac:AlternativeConditionPrice>
  </cac:PricingReference>
  <cac:AllowanceCharge>
   <cbc:ChargeIndicator>04</cbc:ChargeIndicator>
   <cbc:Amount currencyID="PEN">2.00</cbc:Amount>
  </cac:AllowanceCharge>
  <cac:TaxTotal>
   <cbc:TaxAmount currencyID="PEN">2.00</cbc:TaxAmount>
   <cac:TaxSubtotal>
    <cbc:TaxableAmount currencyID="PEN">2.00</cbc:TaxableAmount>
    <cbc:TaxAmount currencyID="PEN">2.00</cbc:TaxAmount>
    <cbc:Percent>04</cbc:Percent>
    <cac:TaxCategory>
     <cbc:TaxExemptionReasonCode>04</cbc:TaxExemptionReasonCode>
     <cbc:TierRange>04</cbc:TierRange>
     <cac:TaxScheme>
      <cbc:ID>04</cbc:ID>
      <cbc:Name>04</cbc:Name>
      <cbc:TaxTypeCode>04</cbc:TaxTypeCode>
     </cac:TaxScheme>
    </cac:TaxCategory>
   </cac:TaxSubtotal>
  </cac:TaxTotal>
  <cac:Item>
   <cbc:Description>04</cbc:Description>
   <cac:SellersItemIdentification>
    <cbc:ID>04</cbc:ID>
   </cac:SellersItemIdentification>
  </cac:Item>
  <cac:Price>
   <cbc:PriceAmount currencyID="PEN">2.00</cbc:PriceAmount>
  </cac:Price>
 </cac:InvoiceLine>
</Invoice>
