<?xml version="1.0" encoding="ISO-8859-1"?>
<SummaryDocuments xmlns="urn:sunat:names:specification:ubl:peru:schema:xsd:SummaryDocuments-1" xmlns:cac="urn:oasis:names:specification:ubl:schema:xsd:CommonAggregateComponents-2" xmlns:cbc="urn:oasis:names:specification:ubl:schema:xsd:CommonBasicComponents-2" xmlns:ds="http://www.w3.org/2000/09/xmldsig#" xmlns:ext="urn:oasis:names:specification:ubl:schema:xsd:CommonExtensionComponents-2" xmlns:sac="urn:sunat:names:specification:ubl:peru:schema:xsd:SunatAggregateComponents-1" xmlns:xsi="http://www.w3.org/2001/XMLSchema-instance">
 <ext:UBLExtensions>
  <ext:UBLExtension>
   <ext:ExtensionContent xmlns:ext="urn:oasis:names:specification:ubl:schema:xsd:CommonExtensionComponents-2"/>
  </ext:UBLExtension>
 </ext:UBLExtensions>
 <cbc:UBLVersionID>RC-20171227-00001</cbc:UBLVersionID>
 <cbc:CustomizationID>1.1</cbc:CustomizationID>
 <cbc:ID>RC-20171227-00001</cbc:ID>
 <cbc:IssueDate>2.0</cbc:IssueDate>
 <cbc:ReferenceDate>2.0</cbc:ReferenceDate>
 <cac:Signature>
  <cbc:ID>04</cbc:ID>
  <cac:SignatoryParty>
   <cac:PartyIdentification>
    <cbc:ID>04</cbc:ID>
   </cac:PartyIdentification>
   <cac:PartyName>
    <cbc:Name>04</cbc:Name>
   </cac:PartyName>
  </cac:SignatoryParty>
  <cac:DigitalSignatureAttachment>
   <cac:ExternalReference>
    <cbc:URI>04</cbc:URI>
   </cac:ExternalReference>
  </cac:DigitalSignatureAttachment>
 </cac:Signature>
 <cac:AccountingSupplierParty>
  <cbc:CustomerAssignedAccountID>04</cbc:CustomerAssignedAccountID>
  <cbc:AdditionalAccountID>04</cbc:AdditionalAccountID>
  <cac:Party>
   <cac:PartyLegalEntity>
    <cac:RegistrationName><![CDATA[]]></cac:RegistrationName>
   </cac:PartyLegalEntity>
  </cac:Party>
 </cac:AccountingSupplierParty>
 <sac:SummaryDocumentsLine>
  <cbc:LineID>04</cbc:LineID>
  <cbc:ID>04</cbc:ID>
  <cbc:DocumentTypeCode>04</cbc:DocumentTypeCode>
  <sac:DocumentSerialID>04</sac:DocumentSerialID>
  <sac:StartDocumentNumberID>04</sac:StartDocumentNumberID>
  <sac:EndDocumentNumberID>04</sac:EndDocumentNumberID>
  <cac:AccountingCustomerParty>
   <cbc:CustomerAssignedAccountID>04</cbc:CustomerAssignedAccountID>
   <cbc:AdditionalAccountID>04</cbc:AdditionalAccountID>
  </cac:AccountingCustomerParty>
  <cac:BillingReference>
   <cac:InvoiceDocumentReference>
    <cbc:ID>04</cbc:ID>
    <cbc:DocumentTypeCode>04</cbc:DocumentTypeCode>
   </cac:InvoiceDocumentReference>
  </cac:BillingReference>
  <cac:Status>
   <cbc:ConditionCode>04</cbc:ConditionCode>
  </cac:Status>
  <sac:TotalAmount currencyID="02">F100-10</sac:TotalAmount>
  <sac:BillingPayment>
   <cbc:PaidAmount currencyID="02">F100-10</cbc:PaidAmount>
   <cbc:InstructionID>04</cbc:InstructionID>
  </sac:BillingPayment>
  <cac:AllowanceCharge>
   <cbc:ChargeIndicator>04</cbc:ChargeIndicator>
   <cbc:Amount currencyID="02">F100-10</cbc:Amount>
  </cac:AllowanceCharge>
  <cac:TaxTotal>
   <cbc:TaxAmount currencyID="02">F100-10</cbc:TaxAmount>
   <cac:TaxSubtotal>
    <cbc:TaxAmount currencyID="02">F100-10</cbc:TaxAmount>
    <cac:TaxCategory>
     <cac:TaxScheme>
      <cbc:ID>04</cbc:ID>
      <cbc:Name>04</cbc:Name>
      <cbc:TaxTypeCode>04</cbc:TaxTypeCode>
     </cac:TaxScheme>
    </cac:TaxCategory>
   </cac:TaxSubtotal>
  </cac:TaxTotal>
 </sac:SummaryDocumentsLine>
</SummaryDocuments>
