<?xml version="1.0" encoding="ISO-8859-1"?>
<VoidedDocuments xmlns="urn:sunat:names:specification:ubl:peru:schema:xsd:VoidedDocuments-1" xmlns:cac="urn:oasis:names:specification:ubl:schema:xsd:CommonAggregateComponents-2" xmlns:cbc="urn:oasis:names:specification:ubl:schema:xsd:CommonBasicComponents-2" xmlns:ds="http://www.w3.org/2000/09/xmldsig#" xmlns:ext="urn:oasis:names:specification:ubl:schema:xsd:CommonExtensionComponents-2" xmlns:sac="urn:sunat:names:specification:ubl:peru:schema:xsd:SunatAggregateComponents-1" xmlns:xsi="http://www.w3.org/2001/XMLSchema-instance">
 <ext:UBLExtensions>
  <ext:UBLExtension>
   <ext:ExtensionContent xmlns:ext="urn:oasis:names:specification:ubl:schema:xsd:CommonExtensionComponents-2"/>
  </ext:UBLExtension>
 </ext:UBLExtensions>
 <cbc:UBLVersionID>2.0</cbc:UBLVersionID>
 <cbc:CustomizationID>1.0</cbc:CustomizationID>
 <cbc:ID>2.0</cbc:ID>
 <cbc:ReferenceDate>2.0</cbc:ReferenceDate>
 <cbc:IssueDate>2.0</cbc:IssueDate>
 <cac:Signature>
  <cbc:ID>04</cbc:ID>
  <cac:SignatoryParty>
   <cac:PartyIdentification>
    <cbc:ID>04</cbc:ID>
   </cac:PartyIdentification>
   <cac:PartyName>
    <cbc:Name>04</cbc:Name>
   </cac:PartyName>
  </cac:SignatoryParty>
  <cac:DigitalSignatureAttachment>
   <cac:ExternalReference>
    <cbc:URI>04</cbc:URI>
   </cac:ExternalReference>
  </cac:DigitalSignatureAttachment>
 </cac:Signature>
 <cac:AccountingSupplierParty>
  <cbc:CustomerAssignedAccountID>04</cbc:CustomerAssignedAccountID>
  <cbc:AdditionalAccountID>04</cbc:AdditionalAccountID>
  <cac:Party>
   <cac:PartyLegalEntity>
    <cac:RegistrationName><![CDATA[]]></cac:RegistrationName>
   </cac:PartyLegalEntity>
  </cac:Party>
 </cac:AccountingSupplierParty>
 <sac:VoidedDocumentsLine>
  <cbc:LineID>04</cbc:LineID>
  <cbc:DocumentTypeCode>04</cbc:DocumentTypeCode>
  <sac:DocumentSerialID>04</sac:DocumentSerialID>
  <sac:DocumentNumberID>04</sac:DocumentNumberID>
  <sac:VoidReasonDescription>04</sac:VoidReasonDescription>
 </sac:VoidedDocumentsLine>
</VoidedDocuments>
